Email,URL
info@hk-mueller.de,https://www.industrystock.de/de/unternehmen/Kunststoffindustrie/Kunststoffteile/Technische-Kunststoffteile
info@sb-it.com,https://www.wlw.de/de/suche/technische-kunststoffteile
info@tectro.de,https://www.wlw.de/de/suche/technische-kunststoffteile
info@buescher-gmbh.de,https://www.wlw.de/de/suche/technische-kunststoffteile
info@faust-kunststoff.de,https://www.wlw.de/de/suche/technische-kunststoffteile
info@pucker.de,https://www.wlw.de/de/suche/technische-kunststoffteile
info@2m-kunststofftechnik.de,https://www.wlw.de/de/suche/technische-kunststoffteile
anfrage@rekuplast.de,https://www.wlw.de/de/suche/technische-kunststoffteile
wlw@tooliss.de,https://www.wlw.de/de/suche/technische-kunststoffteile
info@gust-spezialartikel.de,https://www.wlw.de/de/suche/technische-kunststoffteile
info@jokey.de,https://www.wlw.de/de/suche/technische-kunststoffteile
info@fkm.net,https://www.wlw.de/de/suche/technische-kunststoffteile
info@tobyschaum.com,https://www.wlw.de/de/suche/technische-kunststoffteile
verkauf@hiendl.de,https://www.wlw.de/de/suche/technische-kunststoffteile
info@ghs-plastic.de,https://www.wlw.de/de/suche/technische-kunststoffteile
info@jhandress.de,https://www.wlw.de/de/suche/technische-kunststoffteile
marketing@brac.ch,https://www.wlw.de/de/suche/technische-kunststoffteile
info@ammerflon.de,https://www.wlw.de/de/suche/technische-kunststoffteile
office@mcdynamic.com,https://www.wlw.de/de/suche/technische-kunststoffteile
info@kts-schmoelln.de,https://www.wlw.de/de/suche/technische-kunststoffteile
info@manser-ag.com,https://www.wlw.de/de/suche/technische-kunststoffteile
info@friedenstab.de,https://www.wlw.de/de/suche/technische-kunststoffteile
d.raskob@reiss-kt.de,https://www.wlw.de/de/suche/technische-kunststoffteile
as@asch-kunststofftechnik.de,https://www.wlw.de/de/suche/technische-kunststoffteile
information@startech24.de,https://www.wlw.de/de/suche/technische-kunststoffteile
info@plastromayer.de,https://www.wlw.de/de/suche/technische-kunststoffteile
info@baecker.eu,https://www.wlw.de/de/suche/technische-kunststoffteile
info@meding.com,https://www.wlw.de/de/suche/technische-kunststoffteile
info@wald-kraft.com,https://www.wlw.de/de/suche/technische-kunststoffteile
verkauf@friwo-kohlberg.de,https://www.wlw.de/de/suche/technische-kunststoffteile
info@pepco.de,https://www.wlw.de/de/suche/technische-kunststoffteile
info@kern.de,https://www.kern.de/
info@nh-technology.de,https://www.europages.de/unternehmen/hersteller%20fabrikant/kunststoffteile.html
customer.service@visable.com,https://www.europages.de/unternehmen/hersteller%20fabrikant/kunststoffteile.html
plastics@alkaz.pl,https://alkaz.pl/de/
przemyslaw.hodyra@alkaz.pl,https://alkaz.pl/de/
arkadiusz.jasiuczenia@alkaz.pl,https://alkaz.pl/de/
rafal.wolodkowicz@alkaz.pl,https://alkaz.pl/de/
sh@area-net.de,https://www.kunststoff-teile.com/
info@kunststoff-christel.de,https://www.kunststoff-christel.de/
sekretariat@swissplast.com,https://www.swissplast.com/
info@wefapress.com,https://www.wefapress.com/de/technische-kunststoffteile
info@kabo-plastic.de,https://www.kabo-plastic.de/de/service/kunststoffteile-teilevielfalt
media--e9390d48--query@2x.webp,https://www.kabo-plastic.de/de/service/kunststoffteile-teilevielfalt
media--e9390d48--query@2x.jpg,https://www.kabo-plastic.de/de/service/kunststoffteile-teilevielfalt
media--08a5fdd3--query@2x.webp,https://www.kabo-plastic.de/de/service/kunststoffteile-teilevielfalt
media--08a5fdd3--query@2x.jpg,https://www.kabo-plastic.de/de/service/kunststoffteile-teilevielfalt
media--df42eb16--query@2x.webp,https://www.kabo-plastic.de/de/service/kunststoffteile-teilevielfalt
media--df42eb16--query@2x.jpg,https://www.kabo-plastic.de/de/service/kunststoffteile-teilevielfalt
media--4f35149e--query@2x.webp,https://www.kabo-plastic.de/de/service/kunststoffteile-teilevielfalt
media--4f35149e--query@2x.jpg,https://www.kabo-plastic.de/de/service/kunststoffteile-teilevielfalt
service-kunstoffteile-teilevielfalt-kabo-plastic-1920x1080@2x.webp,https://www.kabo-plastic.de/de/service/kunststoffteile-teilevielfalt
service-kunstoffteile-teilevielfalt-kabo-plastic-1920x1080@2x.jpg,https://www.kabo-plastic.de/de/service/kunststoffteile-teilevielfalt
service-kunststoff-teilevielfalt-2-professioneller-kunststoffspritzguss-kabo-plastic-1000x667@2x.webp,https://www.kabo-plastic.de/de/service/kunststoffteile-teilevielfalt
service-kunststoff-teilevielfalt-2-professioneller-kunststoffspritzguss-kabo-plastic-1000x667@2x.jpg,https://www.kabo-plastic.de/de/service/kunststoffteile-teilevielfalt
service-kunststoff-teilevielfalt-1-spritzgussteile-kabo-plastic-1000x667@2x.webp,https://www.kabo-plastic.de/de/service/kunststoffteile-teilevielfalt
service-kunststoff-teilevielfalt-1-spritzgussteile-kabo-plastic-1000x667@2x.jpg,https://www.kabo-plastic.de/de/service/kunststoffteile-teilevielfalt
service-kunststoff-teilevielfalt-3-hochwertige-kunststoffteile-kabo-plastic-1000x667@2x.webp,https://www.kabo-plastic.de/de/service/kunststoffteile-teilevielfalt
service-kunststoff-teilevielfalt-3-hochwertige-kunststoffteile-kabo-plastic-1000x667@2x.jpg,https://www.kabo-plastic.de/de/service/kunststoffteile-teilevielfalt
kunststoffspritzguss_kabo-plastic@2x.webp,https://www.kabo-plastic.de/de/service/kunststoffteile-teilevielfalt
kunststoffspritzguss_kabo-plastic@2x.jpg,https://www.kabo-plastic.de/de/service/kunststoffteile-teilevielfalt
thermoplaste-kunststoffteile-kabo-plastic-formteile@2x.webp,https://www.kabo-plastic.de/de/service/kunststoffteile-teilevielfalt
thermoplaste-kunststoffteile-kabo-plastic-formteile@2x.jpg,https://www.kabo-plastic.de/de/service/kunststoffteile-teilevielfalt
thermoplaste-kunststoffteile-kabo-plastic@2x.webp,https://www.kabo-plastic.de/de/service/kunststoffteile-teilevielfalt
thermoplaste-kunststoffteile-kabo-plastic@2x.jpg,https://www.kabo-plastic.de/de/service/kunststoffteile-teilevielfalt
thermoplaste-oellmessstab-eingebaut@2x.webp,https://www.kabo-plastic.de/de/service/kunststoffteile-teilevielfalt
thermoplaste-oellmessstab-eingebaut@2x.jpg,https://www.kabo-plastic.de/de/service/kunststoffteile-teilevielfalt
frank.richter@willbrandt.de,https://www.willbrandt.de/willbrandt/de/profile_formteile/produkte_kunststoffteile.php
melissa.seelig@willbrandt.de,https://www.willbrandt.de/willbrandt/de/profile_formteile/produkte_kunststoffteile.php
info@duerrmann.de,https://www.duerrmann.de/produkte/individuelle-kunststoffteile/
%20info@realag.ch,https://www.realag.ch/
info@realag.ch,https://www.realag.ch/
info@kkt-siegen.de,https://www.kkt-siegen.de/
